DateTime,Temperature,Cload_Cover,Global_radiation_horizontal,Diffuse_radiation_horizontal,Global_radiation_tilted_plane,Diffuse_radiation_tilted_plane,Solar_azimuth,Height_of_sun,Predicted Electricity Generated
4/30/2018 11:00,32.66,0,683,86,330,79,153.4,40.8,68567.54688
4/30/2018 12:00,32.66,0,779,90,382,82,172.5,44.6,70184.98438
4/30/2018 13:00,32.66,0,805,91,392,84,166.5,43.9,74337.92188
4/30/2018 14:00,28.91,0,759,89,359,83,148.4,39,64224.32031
4/30/2018 15:00,28.91,0,644,84,282,78,133.5,30.8,49211.5
4/30/2018 16:00,28.91,0,469,73,164,66,122.2,20.7,27703.26758
4/30/2018 17:00,14.42999,0,254,53,45,45,113,9.2,8694.529297
4/30/2018 18:00,14.42999,0,52,19,17,17,105.1,0,4817.920898
5/1/2018 8:00,19.15201,0,98,31,21,21,115.6,12.6,30910.66797
5/1/2018 9:00,19.15201,0,313,59,121,49,125.5,23.7,47626.8125
5/1/2018 10:00,19.15201,0,519,77,230,64,138.1,33.3,63782.34766
5/1/2018 11:00,24.133,0,678,86,324,79,153.5,40.6,70337.75
5/1/2018 12:00,24.133,0,774,90,376,83,172.6,44.3,73064
5/1/2018 13:00,24.133,0,799,91,386,84,166.5,43.6,72219.69531
5/1/2018 14:00,23.37399,0,753,90,352,83,148.5,38.7,64218.96875
5/1/2018 15:00,23.37399,0,638,84,276,78,134,30.6,51832.27344
5/1/2018 16:00,23.37399,0,464,73,158,66,122.3,20.4,30245.95508
5/1/2018 17:00,13.15799,8,249,53,45,45,113.2,9,3855.542969
5/1/2018 18:00,13.15799,8,49,19,17,17,105.3,0,3837.416992
5/2/2018 8:00,19.93399,80,94,31,21,21,116.1,12.4,20399.12305
5/2/2018 9:00,19.93399,80,307,61,118,50,126,23.5,37961.36328
5/2/2018 10:00,19.93399,80,512,80,226,66,138.2,33.1,35989.62891
5/2/2018 11:00,25.31201,44,670,90,319,82,154.1,40.3,55074.64844
5/2/2018 12:00,25.31201,44,765,94,370,85,173,44,58575.87109
5/2/2018 13:00,25.31201,44,791,95,380,87,166.6,43.3,57375.71484
5/2/2018 14:00,23.53,92,744,93,346,85,148.5,38.4,42512.95313
5/2/2018 15:00,23.53,92,630,88,270,80,134.2,30.3,22276.55664
5/2/2018 16:00,23.53,92,456,76,149,64,122.5,20.2,24104.33203
5/2/2018 17:00,17.65601,8,242,54,46,46,113.3,8.8,3412.744141
5/2/2018 18:00,17.65601,8,47,19,16,16,105.4,0,3394.618164
5/3/2018 8:00,14.272,0,96,27,18,18,116.3,12.3,32314.16016
5/3/2018 9:00,14.272,0,313,51,112,42,126.2,23.3,48910.04688
5/3/2018 10:00,14.272,0,520,66,227,62,138.4,32.9,68147.75781
5/3/2018 11:00,17.89999,24,679,74,313,69,154.2,40,64471.875
5/3/2018 12:00,17.89999,24,775,77,364,72,173.1,43.7,55776.04688
5/3/2018 13:00,17.89999,24,800,78,374,73,166.6,43,56062.25
5/3/2018 14:00,15.061,0,754,77,340,72,149,38.1,52988.90234
5/3/2018 15:00,15.061,0,638,72,262,68,134.3,30.1,46801.24609
5/3/2018 16:00,15.061,0,463,62,142,57,123,20,28353.29883
5/3/2018 17:00,10.84698,20,247,45,39,39,113.5,8.6,2954.181641
5/3/2018 18:00,10.84698,20,47,16,14,14,105.5,0,3173.814453
5/4/2018 8:00,14.86401,0,94,26,17,17,116.4,12.1,32833.64063
5/4/2018 9:00,14.86401,0,310,50,108,41,126.3,23.1,45078.51172
5/4/2018 10:00,14.86401,0,517,65,222,61,138.5,32.6,60871.02734
5/4/2018 11:00,19.10501,0,675,73,308,68,154.3,39.8,70271.44531
5/4/2018 12:00,19.10501,0,771,76,359,71,173.1,43.4,65145.84766
5/4/2018 13:00,19.10501,0,796,77,368,72,167,42.7,66322.67969
5/4/2018 14:00,18.617,0,749,76,333,71,149.1,37.8,58678.63281
5/4/2018 15:00,18.617,0,634,71,255,67,134.4,29.8,44032.75781
5/4/2018 16:00,18.617,0,459,62,136,56,123.1,19.8,27373.4707
5/4/2018 17:00,12.33801,0,243,44,39,39,114,8.4,4327.988281
5/4/2018 18:00,12.33801,0,45,15,14,14,106.1,0,4705.400879
5/5/2018 8:00,17.89499,0,90,27,18,18,116.6,12,31871.36133
5/5/2018 9:00,17.89499,0,303,54,105,43,126.5,22.9,45250.42578
5/5/2018 10:00,17.89499,0,507,70,218,65,139.1,32.4,63351.24219
5/5/2018 11:00,23.17401,0,665,79,303,73,154.4,39.5,70841.22656
5/5/2018 12:00,23.17401,0,760,83,353,76,173.2,43.1,70430.83594
5/5/2018 13:00,23.17401,0,785,84,362,77,167,42.4,66673.84375
5/5/2018 14:00,21.836,0,738,82,328,76,149.2,37.6,61617.58203
5/5/2018 15:00,21.836,0,623,77,250,71,134.5,29.6,46142.60938
5/5/2018 16:00,21.836,0,449,66,132,60,123.3,19.6,26784.625
5/5/2018 17:00,8.727997,0,236,47,41,41,114.1,8.3,4821.391113
5/5/2018 18:00,8.727997,0,42,16,14,14,106.2,0,4723.182617
5/6/2018 8:00,21.72299,0,88,25,17,17,117.1,11.8,30670.79688
5/6/2018 9:00,21.72299,0,303,50,101,40,127,22.8,44567.17969
5/6/2018 10:00,21.72299,0,507,65,213,61,139.2,32.2,60047.87109
5/6/2018 11:00,25.26901,0,665,74,298,68,154.5,39.2,68537.67969
5/6/2018 12:00,25.26901,0,760,77,348,72,173.2,42.8,69635.19531
5/6/2018 13:00,25.26901,0,785,78,356,73,167.1,42.1,65850.57813
5/6/2018 14:00,22.685,0,738,76,321,71,149.3,37.3,56427.51172
5/6/2018 15:00,22.685,0,623,72,243,67,135,29.4,46900.55469
5/6/2018 16:00,22.685,0,449,62,124,56,123.4,19.4,26470.38086
5/6/2018 17:00,10.21899,0,235,44,38,38,114.3,8.1,4891.234863
5/6/2018 18:00,10.21899,0,41,14,13,13,106.4,0,4698.454102
5/7/2018 8:00,22.39301,8,84,27,18,18,117.3,11.7,29342.32617
5/7/2018 9:00,22.39301,8,293,55,99,44,127.2,22.6,46739.62109
5/7/2018 10:00,22.39301,8,496,73,209,66,139.3,32,52309.57813
5/7/2018 11:00,26.20901,0,653,82,293,75,154.6,39,67259.72656
5/7/2018 12:00,26.20901,0,747,86,342,78,173.2,42.5,70494.0625
5/7/2018 13:00,26.20901,0,772,87,351,79,167.1,41.8,58135.13672
5/7/2018 14:00,23.94299,0,725,85,316,78,149.4,37,52278.62109
5/7/2018 15:00,23.94299,0,611,80,239,73,135.1,29.1,48351.26563
5/7/2018 16:00,23.94299,0,438,68,121,61,123.5,19.2,28429.57031
5/7/2018 17:00,13.29501,0,226,48,41,41,114.4,7.9,4888.655273
5/7/2018 18:00,13.29501,0,38,15,13,13,106.5,0,4817.920898
5/8/2018 8:00,20.15799,0,80,28,19,19,117.4,11.5,28136.3125
5/8/2018 9:00,20.15799,0,285,60,97,48,127.3,22.4,47383.32422
5/8/2018 10:00,20.15799,0,486,79,199,64,139.4,31.8,47256.93359
5/8/2018 11:00,23.673,0,641,90,289,81,155.1,38.7,68803.38281
5/8/2018 12:00,23.673,0,734,95,337,85,173.3,42.3,72576.63281
5/8/2018 13:00,23.673,0,759,96,346,86,167.1,41.6,57114.59375
5/8/2018 14:00,21.87299,0,712,94,311,85,149.4,36.8,51224.19922
5/8/2018 15:00,21.87299,0,599,87,235,79,135.2,28.9,48360.42188
5/8/2018 16:00,21.87299,0,427,74,115,61,124,19,28279.41406
5/8/2018 17:00,14.73599,0,218,52,44,44,114.5,7.7,4279.022461
5/8/2018 18:00,14.73599,0,35,15,14,14,107.1,0,3139.916016
5/9/2018 8:00,23.043,0,80,25,17,17,117.6,11.4,28421.12109
5/9/2018 9:00,23.043,0,288,53,91,42,127.4,22.2,45998.49609
5/9/2018 10:00,23.043,0,490,70,200,64,139.6,31.6,58441.08984
5/9/2018 11:00,26.29599,0,646,79,283,72,155.2,38.5,66604.00781
5/9/2018 12:00,26.29599,0,739,83,332,76,173.3,42,72456.22656
5/9/2018 13:00,26.29599,0,764,84,340,77,167.2,41.3,57949.52344
5/9/2018 14:00,24.29999,0,717,82,305,76,149.5,36.5,53615.69531
5/9/2018 15:00,24.29999,0,603,77,227,71,135.4,28.7,47577.32813
5/9/2018 16:00,24.29999,0,431,66,109,58,124.2,18.8,27348.74023
7/9/2018 8:00,12.81,0,27,10,7,7,121,6.6,22890.68164
7/9/2018 9:00,12.81,0,193,38,27,27,130.2,17.1,46713.88672
7/9/2018 10:00,12.81,0,386,55,103,49,141.4,26.1,59489.23047
7/9/2018 11:00,15.73001,0,541,65,178,58,155.3,32.9,61849.47656
7/9/2018 12:00,15.73001,0,639,70,225,63,171.5,36.5,63744.85156
7/9/2018 13:00,15.73001,0,672,71,234,64,170.6,36.4,64613.77734
7/9/2018 14:00,14.07001,44,636,70,204,63,154.4,32.6,45692.92578
7/9/2018 15:00,14.07001,44,536,65,132,58,140.6,25.7,31064.83984
7/9/2018 16:00,14.07001,44,379,55,47,47,129.4,16.6,17127.55078
7/9/2018 17:00,8.5,32,186,38,33,33,120.3,6,-76.95722198
7/9/2018 18:00,8.5,32,23,9,8,8,112.5,0,1732.45166
7/10/2018 8:00,10.62701,64,27,10,7,7,120.5,6.7,14375.15918
7/10/2018 9:00,10.62701,64,195,37,26,26,130.1,17.2,33223.69141
7/10/2018 10:00,10.62701,64,389,54,104,47,141.3,26.2,39606.90625
7/10/2018 11:00,15.68799,0,545,63,179,57,155.3,33,61849.47656
7/10/2018 12:00,15.68799,0,643,68,226,61,171.5,36.6,64923.21094
7/10/2018 13:00,15.68799,0,676,69,236,62,170.6,36.5,65511.83203
7/10/2018 14:00,14.64099,0,641,67,206,61,154.4,32.7,59888.16406
7/10/2018 15:00,14.64099,0,541,63,134,56,140.5,25.8,47277.66016
7/10/2018 16:00,14.64099,0,384,53,46,46,129.4,16.7,24562.44922
7/10/2018 17:00,4.195007,0,189,37,32,32,120.3,6.1,2861.289307
7/10/2018 18:00,4.195007,0,24,9,8,8,112.5,0,4670.698242
7/11/2018 8:00,14.203,0,27,11,7,7,120.5,6.7,18813.26367
7/11/2018 9:00,14.203,0,193,40,28,28,130,17.2,44365.61328
7/11/2018 10:00,14.203,0,387,58,107,51,141.2,26.3,56615.90625
7/11/2018 11:00,17.51801,0,542,68,182,60,155.2,33.1,67094.24219
7/11/2018 12:00,17.51801,0,640,73,229,65,171.4,36.8,68876.9375
7/11/2018 13:00,17.51801,0,673,74,240,67,170.6,36.7,67799.33594
7/11/2018 14:00,16.05801,0,638,73,210,65,154.4,32.8,59986.19922
7/11/2018 15:00,16.05801,0,538,68,138,60,140.5,25.9,44855.05078
7/11/2018 16:00,16.05801,0,382,57,49,49,129.4,16.8,26641.13086
7/11/2018 17:00,8.355988,0,188,39,34,34,120.2,6.2,2861.289307
7/11/2018 18:00,8.355988,0,25,10,9,9,112.4,0,4670.698242
7/12/2018 8:00,16.181,0,27,11,8,8,120.4,6.8,18941.63477
7/12/2018 9:00,16.181,0,194,41,29,29,129.5,17.3,43809.10156
7/12/2018 10:00,16.181,0,387,59,103,45,141.2,26.4,55952.06641
7/12/2018 11:00,19.99899,12,542,70,185,62,155.2,33.2,67664.03125
7/12/2018 12:00,19.99899,12,641,75,232,66,171.4,36.9,64822.98828
7/12/2018 13:00,19.99899,12,674,76,243,68,170.6,36.8,65122.00781
7/12/2018 14:00,18.99701,56,640,75,213,67,154.4,33,35301.60938
7/12/2018 15:00,18.99701,56,540,69,142,61,140.5,26.1,27345.62305
7/12/2018 16:00,18.99701,56,383,59,50,50,129.3,16.9,19784.66992
7/12/2018 17:00,17.39999,80,189,40,35,35,120.2,6.3,798.633606
7/12/2018 18:00,17.39999,80,25,11,9,9,112.4,0,2648.746582
7/13/2018 8:00,8.674011,92,28,10,7,7,120.3,6.8,13618.7168
7/13/2018 9:00,8.674011,92,199,37,27,27,129.5,17.4,27824.70898
7/13/2018 10:00,8.674011,92,394,54,109,48,141.1,26.5,35694.25
7/13/2018 11:00,9.287994,68,551,63,185,57,155.1,33.3,44628.08203
7/13/2018 12:00,9.287994,68,650,68,233,61,171.3,37,45044.58203
7/13/2018 13:00,9.287994,68,683,69,244,63,170.6,37,45888.63281
7/13/2018 14:00,8.278015,92,649,68,214,61,154.4,33.1,38617.4375
7/13/2018 15:00,8.278015,92,548,63,142,56,140.4,26.2,15614.33203
7/13/2018 16:00,8.278015,92,391,54,46,46,129.3,17.1,13739.95313
7/13/2018 17:00,4.53299,20,195,37,33,33,120.1,6.4,1336.649536
7/13/2018 18:00,4.53299,20,27,10,9,9,112.3,0,3146.05835
7/14/2018 8:00,6.684998,0,28,12,8,8,120.2,6.9,19838.69922
7/14/2018 9:00,6.684998,0,195,43,30,30,129.4,17.5,47565.44141
7/14/2018 10:00,6.684998,0,388,62,107,47,141,26.6,55588.76953
7/14/2018 11:00,9.923004,0,544,73,190,64,155,33.4,67124.01563
7/14/2018 12:00,9.923004,0,643,78,238,69,171.3,37.2,71510.48438
7/14/2018 13:00,9.923004,0,676,79,249,71,170.6,37.1,71587.57813
7/14/2018 14:00,8.584991,0,642,78,219,69,154.4,33.3,58167.51953
7/14/2018 15:00,8.584991,0,542,72,149,64,140.4,26.3,43615.28125
7/14/2018 16:00,8.584991,0,386,61,52,52,129.2,17.2,25959.40625
7/14/2018 17:00,4.154999,0,192,42,37,37,120.1,6.6,6409.094727
7/14/2018 18:00,4.154999,0,27,11,10,10,112.2,0,4670.698242
7/15/2018 8:00,8.153992,0,29,12,8,8,120.1,7,22099.10352
7/15/2018 9:00,8.153992,0,197,42,30,30,129.3,17.6,46642.80078
7/15/2018 10:00,8.153992,0,391,61,109,46,140.5,26.7,57373.37109
7/15/2018 11:00,12.315,0,547,72,192,63,154.6,33.6,58650.14453
7/15/2018 12:00,12.315,0,647,77,240,68,171.3,37.3,62614.80469
7/15/2018 13:00,12.315,0,680,78,251,70,171,37.3,62089.20313
7/15/2018 14:00,10.759,0,646,77,222,68,154.3,33.4,63375.65234
7/15/2018 15:00,10.759,0,546,71,151,63,140.4,26.5,45852.20703
7/15/2018 16:00,10.759,0,389,61,51,51,129.1,17.3,26251.89063
7/15/2018 17:00,6.015991,0,195,42,36,36,120,6.7,6409.094727
7/15/2018 18:00,6.015991,0,28,12,10,10,112.2,0,4670.698242
7/16/2018 8:00,10.819,0,29,12,8,8,120.1,7,20840.19727
7/16/2018 9:00,10.819,0,199,42,30,30,129.2,17.6,45773.77734
7/16/2018 10:00,10.819,0,393,61,111,46,140.5,26.8,57441.85938
7/16/2018 11:00,15.26999,0,550,72,195,64,154.5,33.7,64618.37891
7/16/2018 12:00,15.26999,0,649,77,243,68,171.2,37.5,65869.22656
7/16/2018 13:00,15.26999,0,683,78,254,70,171,37.4,68368.38281
7/16/2018 14:00,14.01501,0,649,77,225,69,154.3,33.6,62734.24219
7/16/2018 15:00,14.01501,0,549,71,155,63,140.3,26.6,45646.61719
7/16/2018 16:00,14.01501,0,392,61,52,52,129.1,17.4,27701.76172
7/16/2018 17:00,2.911011,8,198,42,37,37,119.5,6.8,3448.114014
7/16/2018 18:00,2.911011,8,29,12,10,10,112.1,0,3374.803223
7/17/2018 8:00,13.67599,0,30,12,8,8,119.6,7.1,19839.49023
7/17/2018 9:00,13.67599,0,199,43,31,31,129.1,17.7,45215.98047
7/17/2018 10:00,13.67599,0,394,63,114,48,140.4,26.9,58026.86719
7/17/2018 11:00,16.95001,0,550,74,198,65,154.4,33.8,64160.88281
7/17/2018 12:00,16.95001,0,650,79,246,70,171.2,37.6,64524.38281
7/17/2018 13:00,16.95001,0,684,80,258,72,171,37.6,67671.57813
7/17/2018 14:00,14.923,0,650,79,229,70,154.3,33.7,58731.5625
7/17/2018 15:00,14.923,0,550,74,159,65,140.3,26.7,40920.06641
7/17/2018 16:00,14.923,0,393,63,53,53,129,17.6,30581
7/17/2018 17:00,3.506012,0,199,43,38,38,119.5,6.9,4744.009277
7/17/2018 18:00,3.506012,0,30,12,11,11,112,0,4670.698242
7/18/2018 8:00,14.151,20,31,12,8,8,119.5,7.2,16886.82227
7/18/2018 9:00,14.151,20,202,42,30,30,129.1,17.8,39460.46094
7/18/2018 10:00,14.151,20,398,61,115,47,140.3,27,54548.38281
7/18/2018 11:00,16.33301,36,555,71,200,64,154.4,34,54852.4375
7/18/2018 12:00,16.33301,36,655,77,249,68,171.2,37.8,57581.90234
7/18/2018 13:00,16.33301,36,689,78,261,70,171,37.7,58305.73438
7/18/2018 14:00,14.51901,32,655,77,232,69,154.2,33.9,54311.63281
7/18/2018 15:00,14.51901,32,555,71,161,63,140.2,26.9,31546.98438
7/18/2018 16:00,14.51901,32,398,61,52,52,128.6,17.7,18530.97266
7/18/2018 17:00,5.165985,0,203,42,37,37,119.4,7,4661.796387
7/18/2018 18:00,5.165985,0,31,12,11,11,111.5,0,4670.698242
7/19/2018 8:00,13.69901,8,30,14,10,10,119.4,7.3,20420.86914
7/19/2018 9:00,13.69901,8,197,49,34,32,128.6,18,44156.27344
7/19/2018 10:00,13.69901,8,391,71,121,54,140.2,27.2,59305.39844
7/19/2018 11:00,16.69,0,547,84,198,65,154.3,34.1,68096.35938
7/19/2018 12:00,16.69,0,646,90,254,79,171.1,37.9,72299.40625
7/19/2018 13:00,16.69,0,681,92,266,80,170.6,37.9,73358.95313
7/19/2018 14:00,15.07001,0,647,90,238,79,154.2,34.1,59324.10547
7/19/2018 15:00,15.07001,0,547,84,162,66,140.1,27,41384.78125
7/19/2018 16:00,15.07001,0,391,71,57,55,128.5,17.8,30356.22266
7/19/2018 17:00,4.678009,8,198,49,42,42,119.3,7.1,3681.292725
7/19/2018 18:00,4.678009,8,31,14,12,12,111.4,0,3690.194336
7/20/2018 8:00,13.612,0,32,13,9,9,119.3,7.4,21401.37305
7/20/2018 9:00,13.612,0,204,45,35,32,128.5,18.1,47371.06641
7/20/2018 10:00,13.612,0,399,65,122,50,140.2,27.3,61276.42578
7/20/2018 11:00,16.52899,0,557,76,207,67,154.3,34.3,65772.34375
7/20/2018 12:00,16.52899,0,657,82,256,72,171.1,38.1,71712.57031
7/20/2018 13:00,16.52899,0,691,83,268,74,170.6,38.1,69633.25781
7/20/2018 14:00,15.01801,0,657,82,240,73,154.2,34.2,58106.13281
7/20/2018 15:00,15.01801,0,558,76,170,67,140.1,27.2,43191.66016
7/20/2018 16:00,15.01801,0,400,65,60,55,128.4,18,30330.46875
7/20/2018 17:00,8.123993,0,205,45,39,39,119.2,7.3,4818.593262
7/20/2018 18:00,8.123993,0,32,13,12,12,111.4,0,4670.698242
7/21/2018 8:00,12.82001,0,33,13,9,9,119.2,7.5,21288.85352
7/21/2018 9:00,12.82001,0,209,42,35,30,128.4,18.2,47115.79688
7/21/2018 10:00,12.82001,0,407,60,129,53,140.1,27.4,60021.10156
7/21/2018 11:00,17.50299,0,565,70,209,63,154.2,34.4,68580.77344
7/21/2018 12:00,17.50299,0,666,75,259,67,171.1,38.3,70591.28906
7/21/2018 13:00,17.50299,0,701,76,271,69,170.6,38.3,69468.42969
7/21/2018 14:00,16.74399,0,667,75,242,68,154.1,34.4,63352.44922
7/21/2018 15:00,16.74399,0,567,70,172,63,140,27.4,48244.43359
7/21/2018 16:00,16.74399,0,409,60,60,51,128.3,18.1,32091.93945
7/21/2018 17:00,10.31299,0,211,42,37,37,119.2,7.4,4888.437012
7/21/2018 18:00,10.31299,0,34,13,12,12,111.3,0,4645.969727
7/22/2018 8:00,15.41599,0,35,12,8,8,119.1,7.6,20749.42773
7/22/2018 9:00,15.41599,0,217,37,34,27,128.3,18.3,46202.03906
7/22/2018 10:00,15.41599,0,417,53,130,48,139.6,27.6,60288.50391
7/22/2018 11:00,18.67499,0,577,61,210,56,154.1,34.6,66928.30469
7/22/2018 12:00,18.67499,0,679,65,261,60,171,38.5,70673.75781
7/22/2018 13:00,18.67499,0,713,66,273,61,170.6,38.5,68849.61719
7/22/2018 14:00,17.703,0,679,65,244,60,154.1,34.6,61268.36719
7/22/2018 15:00,17.703,0,578,61,172,56,139.5,27.5,47504.48047
7/22/2018 16:00,17.703,0,419,53,59,46,128.3,18.2,33859.60547
7/22/2018 17:00,11.24399,0,219,38,33,33,119.1,7.5,7359.038086
7/22/2018 18:00,11.24399,0,37,12,11,11,111.2,0,4747.466309
7/23/2018 8:00,15.255,0,36,12,9,9,118.6,7.7,20749.42773
7/23/2018 9:00,15.255,0,218,39,37,28,128.2,18.4,46202.03906
7/23/2018 10:00,15.255,0,417,55,134,50,139.5,27.7,60288.50391
7/23/2018 11:00,19.043,0,577,64,214,59,154.1,34.8,67278.78906
7/23/2018 12:00,19.043,0,679,69,265,63,171,38.7,71985.24219
7/23/2018 13:00,19.043,0,714,70,278,64,170.6,38.7,69921.49219
7/23/2018 14:00,18.23801,0,680,69,248,63,154,34.8,64620.21875
7/23/2018 15:00,18.23801,0,579,65,177,59,139.5,27.7,46770.63672
7/23/2018 16:00,18.23801,0,420,56,65,49,128.2,18.4,33734.30859
7/23/2018 17:00,14.814,0,220,40,35,35,118.6,7.6,5292.889648
7/23/2018 18:00,14.814,0,37,13,11,11,111.1,0,3087.431396
7/24/2018 8:00,15.71301,0,37,13,9,9,118.5,7.8,20603.50977
7/24/2018 9:00,15.71301,0,217,42,41,31,128.1,18.6,46056.11719
7/24/2018 10:00,15.71301,0,417,59,138,53,139.4,27.9,59309.99609
7/24/2018 11:00,19.16199,0,576,69,219,63,153.6,35,68010.04688
7/24/2018 12:00,19.16199,0,678,74,269,67,170.6,38.9,70795.1875
7/24/2018 13:00,19.16199,0,713,75,282,68,170.5,38.9,70425.61719
7/24/2018 14:00,17.892,0,679,74,253,67,153.6,35,64217.35547
7/24/2018 15:00,17.892,0,578,69,183,63,139.4,27.9,47526.98438
7/24/2018 16:00,17.892,0,419,60,72,52,128.1,18.5,31374.49023
7/24/2018 17:00,7.507996,8,220,42,37,37,118.5,7.8,3840.887207
7/24/2018 18:00,7.507996,8,38,14,12,12,110.6,0,3690.194336
7/25/2018 8:00,16.62299,0,38,14,9,9,118.4,7.9,21050.77344
7/25/2018 9:00,16.62299,0,219,43,43,31,128,18.7,45857.08203
7/25/2018 10:00,16.62299,0,419,60,141,54,139.3,28.1,60087.26172
7/25/2018 11:00,19.80499,0,579,70,222,64,153.5,35.2,71246.57031
7/25/2018 12:00,19.80499,0,680,75,273,68,170.5,39.1,72835.47656
7/25/2018 13:00,19.80499,0,715,76,286,69,170.5,39.1,72817.3125
7/25/2018 14:00,18.83099,0,681,75,258,68,153.5,35.2,59343.63281
7/25/2018 15:00,18.83099,0,581,70,187,64,139.3,28,43001.50391
7/25/2018 16:00,18.83099,0,422,61,76,53,127.6,18.7,27871.35938
7/25/2018 17:00,7.52301,0,222,43,38,38,118.4,7.9,4821.391113
7/25/2018 18:00,7.52301,0,39,14,13,13,110.5,0,4670.698242
7/26/2018 8:00,17.448,8,37,16,11,11,118.3,8,19567.72461
7/26/2018 9:00,17.448,8,214,50,47,34,127.5,18.9,43463.8125
7/26/2018 10:00,17.448,8,412,71,140,56,139.2,28.2,59048.53125
7/26/2018 11:00,20.59399,8,571,83,228,74,153.5,35.4,67733.29688
7/26/2018 12:00,20.59399,8,672,89,279,79,170.5,39.3,70399.59375
7/26/2018 13:00,20.59399,8,707,91,292,80,170.5,39.3,71748.82031
7/26/2018 14:00,19.12,32,673,89,264,79,153.5,35.4,52153.60156
7/26/2018 15:00,19.12,32,573,83,195,74,139.2,28.2,30145.35742
7/26/2018 16:00,19.12,32,415,71,83,57,127.5,18.8,19251.0918
7/26/2018 17:00,9.684998,8,218,50,43,43,118.3,8,3910.730713
7/26/2018 18:00,9.684998,8,39,16,14,14,110.4,0,3665.465576
7/27/2018 8:00,17.38199,36,39,16,11,11,118.2,8.2,12145.77148
7/27/2018 9:00,17.38199,36,217,50,49,35,127.4,19,32230.40234
7/27/2018 10:00,17.38199,36,416,71,144,56,139.1,28.4,40347.80469
7/27/2018 11:00,20.86801,0,575,83,232,73,153.4,35.6,68675.89063
7/27/2018 12:00,20.86801,0,676,89,283,79,170.5,39.5,71711.3125
7/27/2018 13:00,20.86801,0,711,90,296,80,170.5,39.5,72132.89844
7/27/2018 14:00,19.173,0,677,89,268,79,153.4,35.6,64388.65625
7/27/2018 15:00,19.173,0,577,83,199,74,139.1,28.4,45715.05078
7/27/2018 16:00,19.173,0,418,71,86,57,127.4,19,31744.875
7/27/2018 17:00,10.246,0,221,51,43,43,118.2,8.2,4891.234863
7/27/2018 18:00,10.246,0,40,17,15,15,110.2,0,6107.477051
7/28/2018 8:00,14.664,0,40,16,11,11,118.1,8.3,18119.18164
7/28/2018 9:00,14.664,0,221,50,54,37,127.3,19.2,45726.51172
7/28/2018 10:00,14.664,0,420,70,147,55,139.1,28.6,63504.34375
7/28/2018 11:00,19.323,0,579,82,235,73,153.3,35.8,67826.84375
7/28/2018 12:00,19.323,0,681,88,287,78,170.5,39.8,72263.46875
7/28/2018 13:00,19.323,0,716,89,300,80,170.5,39.7,72059.92969
7/28/2018 14:00,18.733,0,682,88,273,78,153.3,35.8,64543.39844
7/28/2018 15:00,18.733,0,581,82,204,73,139,28.6,49566.82031
7/28/2018 16:00,18.733,0,423,71,90,56,127.3,19.2,30711.70117
7/28/2018 17:00,9.096008,0,224,50,43,43,118.1,8.3,5136.563965
7/28/2018 18:00,9.096008,0,42,17,15,15,110.1,0,4943.783691
7/29/2018 8:00,16.72101,8,42,16,11,11,117.6,8.4,20302.0957
7/29/2018 9:00,16.72101,8,225,49,55,37,127.2,19.3,43747.5
7/29/2018 10:00,16.72101,8,425,69,150,54,138.6,28.8,57074.34766
7/29/2018 11:00,20.97601,8,585,80,239,71,153.3,36,62826.53125
7/29/2018 12:00,20.97601,8,687,85,291,76,170.4,40,64462.89453
7/29/2018 13:00,20.97601,8,723,86,305,78,170.4,40,63006.20313
7/29/2018 14:00,19.629,8,689,85,277,77,153.2,36,61131.00781
7/29/2018 15:00,19.629,8,588,80,207,72,138.6,28.8,47494.21094
7/29/2018 16:00,19.629,8,428,69,98,60,127.2,19.3,29512.77148
7/29/2018 17:00,10.02301,8,228,49,42,42,117.5,8.4,3858.122314
7/29/2018 18:00,10.02301,8,44,17,15,15,110,0,3717.950195
7/30/2018 8:00,18.646,0,43,17,11,11,117.4,8.6,20168.17188
7/30/2018 9:00,18.646,0,228,49,58,37,127.1,19.5,44301.39453
7/30/2018 10:00,18.646,0,429,69,153,54,138.5,29,56953.78125
7/30/2018 11:00,21.51999,0,590,80,243,71,153.2,36.2,66015.83594
7/30/2018 12:00,21.51999,0,692,85,295,76,170.4,40.2,69497.07813
7/30/2018 13:00,21.51999,0,727,86,309,78,170.4,40.2,68055.82813
7/30/2018 14:00,19.974,12,693,85,281,77,153.2,36.2,59132.40234
7/30/2018 15:00,19.974,12,592,80,212,72,138.5,28.9,42508.36328
7/30/2018 16:00,19.974,12,432,69,102,60,127.1,19.5,30055.39844
7/30/2018 17:00,11.979,12,232,49,42,42,117.4,8.6,3782.776123
7/30/2018 18:00,11.979,12,45,17,15,15,109.5,0,3565.998291
7/31/2018 8:00,18.92999,0,45,17,11,11,117.3,8.7,20486.48242
7/31/2018 9:00,18.92999,0,234,47,59,36,126.6,19.7,44388.85938
7/31/2018 10:00,18.92999,0,436,65,156,52,138.4,29.2,58814.67969
7/31/2018 11:00,22.06799,0,598,76,247,68,153.1,36.4,70095.55469
7/31/2018 12:00,22.06799,0,700,80,299,73,170.4,40.5,71361.09375
7/31/2018 13:00,22.06799,0,735,82,313,74,170.4,40.4,70793.71094
7/31/2018 14:00,19.12201,8,701,80,285,73,153.1,36.4,59306.0625
7/31/2018 15:00,19.12201,8,599,76,215,69,138.4,29.1,49075.66797
7/31/2018 16:00,19.12201,8,439,66,105,58,126.6,19.6,29624.67578
7/31/2018 17:00,11.93701,12,237,47,41,41,117.3,8.7,3782.776123
7/31/2018 18:00,11.93701,12,47,17,15,15,109.4,0,3565.998291
8/1/2018 8:00,16.80899,0,47,17,11,11,117.2,8.9,21282.59961
8/1/2018 9:00,16.80899,0,238,47,62,36,126.5,19.8,45909.92188
8/1/2018 10:00,16.80899,0,441,65,166,58,138.3,29.4,61937.66406
8/1/2018 11:00,20.267,0,603,75,251,68,153.1,36.7,68503.35938
8/1/2018 12:00,20.267,0,705,79,304,72,170.4,40.7,70438.60938
8/1/2018 13:00,20.267,0,741,81,318,74,170.3,40.7,70968.22656
8/1/2018 14:00,17.573,0,706,79,290,73,153,36.6,61578.69141
8/1/2018 15:00,17.573,0,604,75,220,68,138.2,29.3,51879.64844
8/1/2018 16:00,17.573,0,443,65,109,57,126.4,19.8,32986.88281
8/1/2018 17:00,9.710999,8,241,47,41,41,117.2,8.8,3858.122314
8/1/2018 18:00,9.710999,8,49,17,15,15,109.2,0,3717.950195
8/2/2018 8:00,18.341,0,48,18,13,13,117.1,9.1,25411.42969
8/2/2018 9:00,18.341,0,237,51,67,39,126.4,20,46109.26172
8/2/2018 10:00,18.341,0,439,71,165,57,138.2,29.6,60581.8125
8/2/2018 11:00,22.43399,0,601,82,256,74,152.6,36.9,70843.90625
8/2/2018 12:00,22.43399,0,703,87,309,78,170.4,40.9,72136.75
8/2/2018 13:00,22.43399,0,738,88,323,80,170.3,40.9,72080.47656
8/2/2018 14:00,21.401,0,704,87,296,79,152.5,36.9,62574.89844
8/2/2018 15:00,21.401,0,602,82,226,74,138.1,29.5,49597.41406
8/2/2018 16:00,21.401,0,441,71,117,62,126.3,20,31768.58594
8/2/2018 17:00,12.04001,0,240,51,44,44,117.1,9,5667.220703
8/2/2018 18:00,12.04001,0,49,19,16,16,109.1,0,5090.638184
8/3/2018 8:00,20.04999,92,50,18,12,12,116.6,9.2,15531.48828
8/3/2018 9:00,20.04999,92,245,47,68,36,126.2,20.2,29853.17578
8/3/2018 10:00,20.04999,92,449,65,174,59,138.1,29.8,34646.33594
8/3/2018 11:00,24.22198,80,611,75,260,68,152.5,37.1,54601.20703
8/3/2018 12:00,24.22198,80,714,79,314,73,170.3,41.2,51617.14453
8/3/2018 13:00,24.22198,80,750,81,328,74,170.2,41.2,53611.98047
8/3/2018 14:00,22.37,92,715,79,300,73,152.4,37.1,40706.29688
8/3/2018 15:00,22.37,92,613,75,230,69,138,29.7,23273.37109
8/3/2018 16:00,22.37,92,451,65,119,58,126.2,20.1,24259.03711
8/3/2018 17:00,20.19,80,247,47,41,41,116.5,9.1,7468.150391
8/3/2018 18:00,20.19,80,52,18,16,16,108.6,0,2577.97583
8/4/2018 8:00,19.948,92,52,18,12,12,116.4,9.4,15289.86621
8/4/2018 9:00,19.948,92,248,49,71,38,126.1,20.4,29150.10938
8/4/2018 10:00,19.948,92,452,67,179,61,137.6,30,32994.66406
8/4/2018 11:00,19.70599,64,614,77,265,70,152.4,37.4,52085.9375
8/4/2018 12:00,19.70599,64,717,81,319,74,170.3,41.5,57721.60938
8/4/2018 13:00,19.70599,64,753,83,333,76,170.2,41.4,52758.99219
8/4/2018 14:00,17.80499,0,718,81,305,75,152.3,37.3,62231.79688
8/4/2018 15:00,17.80499,0,615,77,235,70,137.5,29.9,48471.04688
8/4/2018 16:00,17.80499,0,453,67,124,60,126.1,20.3,31635.85742
8/4/2018 17:00,11.48401,0,249,49,42,42,116.4,9.3,8798.605469
8/4/2018 18:00,11.48401,0,53,19,17,17,108.4,0,4799.950684
8/5/2018 8:00,18.83899,0,54,19,13,13,116.3,9.6,24194.67383
8/5/2018 9:00,18.83899,0,250,50,75,39,126,20.6,43377.72656
8/5/2018 10:00,18.83899,0,454,69,177,56,137.5,30.2,50674.17188
8/5/2018 11:00,19.11801,0,617,79,270,72,152.4,37.6,65694.44531
8/5/2018 12:00,19.11801,0,720,84,324,76,170.3,41.7,72664.71094
8/5/2018 13:00,19.11801,0,755,85,338,78,170.2,41.7,67462.20313
8/5/2018 14:00,15.435,0,720,84,311,77,152.2,37.5,63712.00391
8/5/2018 15:00,15.435,0,617,79,241,72,137.4,30.1,53608.48828
8/5/2018 16:00,15.435,0,455,69,130,61,125.5,20.5,32385.52734
8/5/2018 17:00,9.299011,0,251,50,43,43,116.3,9.4,10282.57422
8/5/2018 18:00,9.299011,0,54,19,17,17,108.3,0,4698.454102
